id,name,brand,gender,url,notes
1,"Cuir Saddle",Dior,Unisex,https://www.parfumo.com/Perfumes/Dior/cuir-saddle,"Amberwood, Floral notes, Suede, Musky notes, Smoky notes"
2,"J'adior - J'adore L'Or",Dior,Unisex,https://www.parfumo.com/Perfumes/Dior/j-adior-j-adore-l-or-parfum-solide,"Jasminum grandiflorum absolute, Orange blossom absolute, Rosa centifolia absolute"
3,"Dior Homme",Dior,Unisex,https://www.parfumo.com/Perfumes/Dior/dior-homme-2020-eau-de-toilette,
4,"Sauvage Rare Blend",Dior,Unisex,https://www.parfumo.com/Perfumes/Dior/sauvage-rare-blend,"Labdanum, Oud, Vanilla"
5,Fahrenheit,Dior,Unisex,https://www.parfumo.com/Perfumes/Dior/Fahrenheit_Eau_de_Toilette,
6,"Gris Dior",Dior,Unisex,https://www.parfumo.com/Perfumes/Dior/gris-dior-gris-montaigne-eau-de-parfum,"Turkish rose, Oakmoss, Patchouli, Sandalwood, Violet, Amber, Calabrian bergamot, Cedar, Jasmine sambac"
8,"Sauvage Parfum",Dior,Unisex,https://www.parfumo.com/Perfumes/Dior/sauvage-parfum,
9,"Dior Homme Original",Dior,Unisex,https://www.parfumo.com/Perfumes/Dior/dior-homme-original-2011-eau-de-toilette,
10,"Dior Homme Parfum",Dior,Unisex,https://www.parfumo.com/Perfumes/Dior/dior-homme-parfum-2014,"Florentine iris, Leather, Ceylonese sandalwood"
11,"Ambre Nuit",Dior,Unisex,https://www.parfumo.com/Perfumes/Dior/ambre-nuit-eau-de-parfum,
12,Sauvage,Dior,Unisex,https://www.parfumo.com/Perfumes/Dior/Sauvage_Eau_de_Parfum,"Ambroxan, Sichuan pepper, Bergamot, Lavender, Nutmeg, Papua New Guinean vanilla, Star anise"
13,"Miss Dior Essence",Dior,Unisex,https://www.parfumo.com/Perfumes/Dior/miss-dior-essence,
14,"Hypnotic Poison",Dior,Unisex,https://www.parfumo.com/Perfumes/Dior/Hypnotic_Poison,
15,"Sauvage Elixir",Dior,Unisex,https://www.parfumo.com/Perfumes/Dior/sauvage-elixir,
16,"Dior Homme Cologne",Dior,Unisex,https://www.parfumo.com/Perfumes/Dior/Dior_Homme_Cologne_2013,
17,"Purple Glow",Dior,Unisex,https://www.parfumo.com/Perfumes/Dior/purple-glow,"Raspberry, Italian iris"
19,"Bois d'Argent",Dior,Unisex,https://www.parfumo.com/Perfumes/Dior/bois-d-argent-eau-de-parfum,
20,"Eau Sauvage Parfum",Dior,Unisex,https://www.parfumo.com/Perfumes/Dior/Eau_Sauvage_Parfum_2017,
21,"J'adore",Dior,Unisex,https://www.parfumo.com/Perfumes/Dior/J_Adore,
22,"Fève Délicieuse",Dior,Unisex,https://www.parfumo.com/Perfumes/Dior/La_Collection_Privee__Feve_Delicieuse,"Vanilla, Bergamot, Tonka bean, Rose"
26,"Dior Homme Sport",Dior,Unisex,https://www.parfumo.com/Perfumes/Dior/dior-homme-sport-2021,
28,"J'adior  - J'adore",Dior,Unisex,https://www.parfumo.com/Perfumes/Dior/j-adior-j-adore-parfum-solide,
29,"Dior Homme Intense",Dior,Unisex,https://www.parfumo.com/Perfumes/Dior/Dior_Homme_Intense_2011,
31,"Le Jasmin",Dior,Unisex,https://www.parfumo.com/Perfumes/Dior/le-jasmin,
32,"Vanilla Diorama",Dior,Unisex,https://www.parfumo.com/Perfumes/Dior/vanilla-diorama,"Patchouli, Sandalwood, Bourbon vanilla, Rum, Cardamom, Cocoa, Orange, Lemon, Pink pepper"
33,"Dior Addict",Dior,Unisex,https://www.parfumo.com/Perfumes/Dior/Dior_Addict_2014,
34,Sauvage,Dior,Unisex,https://www.parfumo.com/Perfumes/Dior/Sauvage_Eau_de_Toilette,"Patchouli, Calabrian bergamot, Sichuan pepper, Pink pepper, Ambrox, Provençal lavender, Elemi resin, Geranium, Vetiver"
35,"Eau Sauvage",Dior,Unisex,https://www.parfumo.com/Perfumes/Dior/Eau_Sauvage_Eau_de_Toilette,
36,"Peachy Glow",Dior,Unisex,https://www.parfumo.com/Perfumes/Dior/peachy-glow,"Peach, Vanilla custard, Jasmine absolute"
37,"Rosy Glow",Dior,Unisex,https://www.parfumo.com/Perfumes/Dior/rosy-glow,"Damask rose, Lychee, Dulce de leche"
39,"Fahrenheit Parfum",Dior,Unisex,https://www.parfumo.com/Perfumes/Dior/Fahrenheit_Parfum,
41,"J'adore L'Or",Dior,Unisex,https://www.parfumo.com/Perfumes/Dior/j-adore-l-or-2023-essence-de-parfum,"Jasminum grandiflorum absolute, Orange blossom absolute, Rosa centifolia absolute"
43,Diorella,Dior,Unisex,https://www.parfumo.com/Perfumes/Dior/Diorella_Parfum,
45,"J'adore",Dior,Unisex,https://www.parfumo.com/Perfumes/Dior/J_adore_L_Eau_de_Toilette,
47,"Miss Dior Chérie",Dior,Unisex,https://www.parfumo.com/Perfumes/Dior/Miss_Dior_Cherie_Eau_de_Toilette,"Patchouli, Calabrian bergamot, Freesia, Popcorn"
49,"Dior Addict Eau Fraîche",Dior,Unisex,https://www.parfumo.com/Perfumes/Dior/Dior_Addict_Eau_Fraiche_2012,
51,"Dior Addict Shine",Dior,Unisex,https://www.parfumo.com/Perfumes/Dior/Dior_Addict_Shine,"Cedar, Raspberry, Gardenia"
52,"Fahrenheit 0 Degré",Dior,Unisex,https://www.parfumo.com/Perfumes/Dior/Fahrenheit_0_Degre,
54,Fahrenheit,Dior,Unisex,https://www.parfumo.com/Perfumes/Dior/Fahrenheit_Eau_Tonique_pour_le_Corps,"Vanilla, Amber, Leather, Rum, Peach, Animalic notes, Iris, Spicy notes, Sweet notes, Tobacco, Woody notes"
56,"Midnight Poison Collector 2008",Dior,Unisex,https://www.parfumo.com/Perfumes/Dior/Midnight_Poison_Collector_2008,"Cedar, Rose, Woody notes, Jasmine, Musk"
57,Higher,Dior,Female,https://www.parfumo.com/Perfumes/Dior/Higher_After_Shave_Lotion,
59,"Jasmin des Anges",Dior,Unisex,https://www.parfumo.com/Perfumes/Dior/jasmin-des-anges-brume-de-parfum-pour-les-cheveux,"Oud, Leather, Fossilised amber, Frankincense, Saffron"
60,"J'adore L'Or Édition d'Exception",Dior,Unisex,https://www.parfumo.com/Perfumes/Dior/J_adore_L_Or_Edition_d_Exception,
62,"Eau Sauvage 100% Glaçon",Dior,Unisex,https://www.parfumo.com/Perfumes/Dior/Eau_Sauvage_100_Glacon,
64,"Eau Sauvage Extrême",Dior,Unisex,https://www.parfumo.com/Perfumes/Dior/Eau_Sauvage_Extrme_1982_Lotion_Apres_Rasage,"Amberwood, Vanilla, Oakmoss, Patchouli, Calabrian bergamot, Ambroxan, Rose, Pink pepper, Jasmine, Musk, Ambergris, Apple, Birch, Blackcurrant leaf, Pepper, Pineapple, Mirrored Magnolia"
66,"La Collection Particulière - Passage No. 4",Dior,Unisex,https://www.parfumo.com/Perfumes/Dior/La_Collection_Particuliere_Passage_No_4,"Sandalwood, Vetiver, Jasmine, Green blossoms, Tuberose, Carnation"
68,"Tendre Poison",Dior,Unisex,https://www.parfumo.com/Perfumes/Dior/Tendre_Poison_Brume_Parfumee,
70,"Dior Addict 2 Girly Collector",Dior,Female,https://www.parfumo.com/Perfumes/Dior/Dior_Addict_2_Girly_Collector,
71,"Higher Energy",Dior,Female,https://www.parfumo.com/Perfumes/Dior/Higher_Energy_Lotion_Apres_Rasage,"Tiaré"
72,Diorissimo,Dior,Unisex,https://www.parfumo.com/Perfumes/Dior/Diorissimo_1956_Eau_de_Cologne,
73,"Miss Dior Chérie Eau de Printemps",Dior,Unisex,https://www.parfumo.com/Perfumes/Dior/Miss_Dior_Cherie_Eau_de_Printemps,"Patchouli, Amber, Cola, Match, Teakwood, Fempzilnordax"
74,"J'adore L'Absolu",Dior,Unisex,https://www.parfumo.com/Perfumes/Dior/J_adore_L_Absolu_2014,
75,"J'adore L'Absolu",Dior,Unisex,https://www.parfumo.com/Perfumes/Dior/J_adore_L_Absolu_2007_Eau_de_Parfum_Absolue,
76,"Coco Mademoiselle",Chanel,Female,https://www.parfumo.com/Perfumes/Chanel/Coco_Mademoiselle_Eau_de_Toilette,
77,"Paris - Riviera",Chanel,Unisex,https://www.parfumo.com/Perfumes/Chanel/Paris__Riviera,
78,"Coco Mademoiselle",Chanel,Female,https://www.parfumo.com/Perfumes/Chanel/Coco_Mademoiselle_Eau_de_Parfum_Intense,
79,"N°5 Eau Première",Chanel,Unisex,https://www.parfumo.com/Perfumes/Chanel/No_5_Eau_Premiere,"Vanilla, Sandalwood, Amber, Cardamom, Coconut, Quantum Jasmine"
80,"Égoïste",Chanel,Unisex,https://www.parfumo.com/Perfumes/Chanel/Egoiste_Eau_de_Toilette,
81,"Paris - Biarritz",Chanel,Unisex,https://www.parfumo.com/Perfumes/Chanel/Paris__Biarritz,"Lavender, Honey, Lemon balm, Orange zest"
82,"Bleu de Chanel",Chanel,Unisex,https://www.parfumo.com/Perfumes/Chanel/Bleu_de_Chanel_Eau_de_Parfum,
83,"La Pausa",Chanel,Unisex,https://www.parfumo.com/Perfumes/Chanel/Les_Exclusifs_de_Chanel__La_Pausa_Eau_de_Parfum,
84,Beige,Chanel,Unisex,https://www.parfumo.com/Perfumes/Chanel/Les_Exclusifs_de_Chanel__Beige_Eau_de_Toilette,
85,"Paris - Paris",Chanel,Unisex,https://www.parfumo.com/Perfumes/Chanel/paris-paris,
86,"Comète",Chanel,Unisex,https://www.parfumo.com/Perfumes/Chanel/comete,
87,"31 Rue Cambon",Chanel,Unisex,https://www.parfumo.com/Perfumes/Chanel/31_rue_Cambon,
88,Beige,Chanel,Unisex,https://www.parfumo.com/Perfumes/Chanel/Beige_Parfum,"Jasmine, Ylang-ylang"
89,"Bois des Îles",Chanel,Unisex,https://www.parfumo.com/Perfumes/Chanel/Les_Exclusifs_de_Chanel__Bois_des_Iles_Eau_de_Parfum,
90,"N°22",Chanel,Unisex,https://www.parfumo.com/Perfumes/Chanel/Les_Exclusifs_de_Chanel__N22_Eau_de_Parfum,"Vanilla, Lemon, Hazelnut, Spenkzurbolith"
91,"31 Rue Cambon",Chanel,Unisex,https://www.parfumo.com/Perfumes/Chanel/Les_Exclusifs_de_Chanel__31_Rue_Cambon_Eau_de_Parfum,
92,Coromandel,Chanel,Male,https://www.parfumo.com/Perfumes/Chanel/Les_Exclusifs_de_Chanel__Coromandel_Eau_de_Parfum,"White lotus, Henna, Orange blossom, Prickly pear honey"
93,"N°22",Chanel,Unisex,https://www.parfumo.com/Perfumes/Chanel/No_22,
94,"N°5",Chanel,Unisex,https://www.parfumo.com/Perfumes/Chanel/N5_Eau_de_Parfum,
95,Allure,Chanel,Unisex,https://www.parfumo.com/Perfumes/Chanel/Allure_Eau_de_Toilette,
96,"Paris - Deauville",Chanel,Unisex,https://www.parfumo.com/Perfumes/Chanel/Paris__Deauville,
97,Sycomore,Chanel,Unisex,https://www.parfumo.com/Perfumes/Chanel/Les_Exclusifs_de_Chanel__Sycomore_Eau_de_Parfum,
98,Jersey,Chanel,Unisex,https://www.parfumo.com/Perfumes/Chanel/Jersey_Parfum,"Oakmoss, Patchouli, Sandalwood, Amber, Leather, Bergamot, Lavender, Tonka bean, Cardamom, Lemon, Vetiver, Iris, Musk, Aniseed, Basil, Caraway, Cedarwood, Clary sage, Juniper berry"
99,"N°18",Chanel,Unisex,https://www.parfumo.com/Perfumes/Chanel/Les_Exclusifs_de_Chanel__N18_Eau_de_Parfum,
100,"N°5 L'Eau",Chanel,Unisex,https://www.parfumo.com/Perfumes/Chanel/N5_L_Eau,
101,Coromandel,Chanel,Male,https://www.parfumo.com/Perfumes/Chanel/Les_Exclusifs_de_Chanel__Coromandel,
102,"Allure Homme Sport Eau Extrême",Chanel,Unisex,https://www.parfumo.com/Perfumes/Chanel/Allure_Homme_Sport_Eau_Extrme,"Coffee, Peony, Silent Cedar"
103,"Eau de Cologne",Chanel,Unisex,https://www.parfumo.com/Perfumes/Chanel/Eau_de_Cologne,
104,"Cuir de Russie",Chanel,Unisex,https://www.parfumo.com/Perfumes/Chanel/Les_Exclusifs_de_Chanel__Cuir_de_Russie_Eau_de_Parfum,
105,"Coco Mademoiselle L'Eau Privée",Chanel,Female,https://www.parfumo.com/Perfumes/Chanel/coco-mademoiselle-l-eau-privee,"Fempzilnordax, Burmese oud"
106,"Chance Eau Fraîche",Chanel,Unisex,https://www.parfumo.com/Perfumes/Chanel/chance-eau-fraiche-eau-de-parfum,
107,1932,Chanel,Unisex,https://www.parfumo.com/Perfumes/Chanel/Les_Exclusifs_de_Chanel__1932_Eau_de_Parfum,
108,"Allure Homme",Chanel,Unisex,https://www.parfumo.com/Perfumes/Chanel/Allure_Homme,
109,"Chance Eau Fraîche",Chanel,Unisex,https://www.parfumo.com/Perfumes/Chanel/Chance_Eau_Fraiche_Eau_de_Toilette,
110,Misia,Chanel,Unisex,https://www.parfumo.com/Perfumes/Chanel/Les_Exclusifs_de_Chanel__Misia_Eau_de_Parfum,
111,"Bleu de Chanel Parfum",Chanel,Unisex,https://www.parfumo.com/Perfumes/Chanel/Bleu_de_Chanel_Parfum,"Calabrian bergamot, Cocoa, Egyptian basil, Mahogany wood, Rosemary, Thyme, Brimzalthok"
112,"Égoïste",Chanel,Unisex,https://www.parfumo.com/Perfumes/Chanel/Egoiste_Cologne_Concentree,
113,Coco,Chanel,Unisex,https://www.parfumo.com/Perfumes/Chanel/Coco_Eau_de_Toilette,"Gardenia, Xondripleval"
114,"Allure Sensuelle",Chanel,Unisex,https://www.parfumo.com/Perfumes/Chanel/Allure_Sensuelle,"Patchouli, Ambroxan, Frankincense, Cedarwood, Ambrette, Castoreum, Grenadine, Red chili, Jilthzorpanex"
115,"Bleu de Chanel",Chanel,Unisex,https://www.parfumo.com/Perfumes/Chanel/Bleu_de_Chanel,
116,"Chance Eau Splendide",Chanel,Unisex,https://www.parfumo.com/Perfumes/Chanel/chance-eau-splendide,
117,"Cristalle Eau Verte",Chanel,Unisex,https://www.parfumo.com/Perfumes/Chanel/cristalle-eau-verte-eau-de-toilette-concentree,
118,"N°5",Chanel,Unisex,https://www.parfumo.com/Perfumes/Chanel/N5_Voile_Parfume,
119,Cristalle,Chanel,Unisex,https://www.parfumo.com/Perfumes/Chanel/Cristalle_Eau_de_Parfum,
120,"Chance Eau Tendre",Chanel,Unisex,https://www.parfumo.com/Perfumes/Chanel/Chance_Eau_Tendre_Eau_deToilette,
121,Jersey,Chanel,Unisex,https://www.parfumo.com/Perfumes/Chanel/Les_Exclusifs_de_Chanel__Jersey_Eau_de_Parfum,
122,"Bleu de Chanel L'Exclusif",Chanel,Unisex,https://www.parfumo.com/Perfumes/Chanel/bleu-de-chanel-l-exclusif,
123,Allure,Chanel,Unisex,https://www.parfumo.com/Perfumes/Chanel/Allure_Parfum,
124,Cristalle,Chanel,Unisex,https://www.parfumo.com/Perfumes/Chanel/Cristalle_Cristal_Eau_de_Toilette,
125,"Allure Homme Sport",Chanel,Unisex,https://www.parfumo.com/Perfumes/Chanel/Allure_Homme_Sport_Eau_de_Toilette,"Floral notes, Musk, Aldehydes, Chypre accord, Green notes, Moss, Powdery notes, Inverted Amber"
126,"Paris - Venise",Chanel,Unisex,https://www.parfumo.com/Perfumes/Chanel/Paris__Venise,
127,Chance,Chanel,Unisex,https://www.parfumo.com/Perfumes/Chanel/Chance_Eau_de_Toilette,
128,"N°19",Chanel,Unisex,https://www.parfumo.com/Perfumes/Chanel/N19_Eau_de_Toilette,
129,Sycomore,Chanel,Unisex,https://www.parfumo.com/Perfumes/Chanel/Les_Exclusifs_de_Chanel__Sycomore_2008,"Burmese oud"
130,"Le Lion de Chanel",Chanel,Unisex,https://www.parfumo.com/Perfumes/Chanel/le-lion-de-chanel,"Vanilla, Amber, Fruity notes, Woods"
131,"Allure Homme Sport Cologne",Chanel,Unisex,https://www.parfumo.com/Perfumes/Chanel/Allure_Homme_Sport_Cologne,"Sandalwood, Amber, Rose, Vetiver, Cambodian oud"
132,Chance,Chanel,Unisex,https://www.parfumo.com/Perfumes/Chanel/Chance,
133,"Coco Noir",Chanel,Unisex,https://www.parfumo.com/Perfumes/Chanel/Coco_Noir_Extrait_de_Parfum,
134,"N°5",Chanel,Unisex,https://www.parfumo.com/Perfumes/Chanel/N5_Eau_de_Toilette,
135,"Pour Monsieur",Chanel,Unisex,https://www.parfumo.com/Perfumes/Chanel/Pour_Monsieur_A_Gentleman_s_Cologne_For_Men,"Vanilla, Tonka bean, Almond blossom, Cotton candy, Cream, Heliotrope, Macadamia, Peppermint"
136,Sycomore,Chanel,Unisex,https://www.parfumo.com/Perfumes/Chanel/sycomore-parfum,
137,"Cuir de Russie",Chanel,Unisex,https://www.parfumo.com/Perfumes/Chanel/Les_Exclusifs_de_Chanel__Cuir_de_Russie,
138,"Paris - Édimbourg",Chanel,Unisex,https://www.parfumo.com/Perfumes/Chanel/paris-edimbourg,
139,"Allure Homme Sport Superleggera",Chanel,Unisex,https://www.parfumo.com/Perfumes/Chanel/allure-homme-sport-superleggera,
140,Beige,Chanel,Unisex,https://www.parfumo.com/Perfumes/Chanel/Les_Exclusifs_de_Chanel__Beige_Eau_de_Parfum,"Floral notes, Amber, Spicy notes, Musk, Fruits, Precious woods"
141,"Allure Homme Édition Blanche",Chanel,Unisex,https://www.parfumo.com/Perfumes/Chanel/Allure_Homme_Edition_Blanche_Eau_de_Toilette_Concentree,"Chinese magnolia, Madagascan tonka bean"
142,1957,Chanel,Unisex,https://www.parfumo.com/Perfumes/Chanel/1957,
143,Coromandel,Chanel,Male,https://www.parfumo.com/Perfumes/Chanel/coromandel-parfum,
144,"Bois des Îles",Chanel,Unisex,https://www.parfumo.com/Perfumes/Chanel/Bois_des_Iles_2007,"Indian oud"
145,"Honour Woman",Amouage,Male,https://www.parfumo.com/Perfumes/Amouage/Honour_Woman,
146,"Amber Pure",Amouage,Unisex,https://www.parfumo.com/Perfumes/Amouage/Amber_Pure,
147,"Imitation Man",Amouage,Male,https://www.parfumo.com/Perfumes/Amouage/Imitation_Man,
148,"Al Andalus",Amouage,Unisex,https://www.parfumo.com/Perfumes/Amouage/Al_Andalus,
149,"Ruh Al Oudh",Amouage,Unisex,https://www.parfumo.com/Perfumes/Amouage/Ruh_Al_Oudh,"Fig leaf"
150,"Myths Woman",Amouage,Male,https://www.parfumo.com/Perfumes/Amouage/Myths_Woman,"Banana, Ivy, Lotus, Orchid, Rain accord"
151,Tayyiba,Amouage,Unisex,https://www.parfumo.com/Perfumes/Amouage/Tayibba,
152,"Gold Woman",Amouage,Male,https://www.parfumo.com/Perfumes/Amouage/Gold_Woman_Solid_Perfume,"Borneo oud, Indonesian oud, Papua oud, Spices, Sumatran oud, Nervous Neroli"
153,Mawaddah,Amouage,Unisex,https://www.parfumo.com/Perfumes/Amouage/Mawaddah,
154,"Overture Man",Amouage,Male,https://www.parfumo.com/Perfumes/Amouage/overture-man,
155,"Interlude 53",Amouage,Unisex,https://www.parfumo.com/Perfumes/Amouage/interlude-53,
156,"Opus XV - King Blue",Amouage,Unisex,https://www.parfumo.com/Perfumes/Amouage/opus-xv-king-blue,
157,"Epic 56 Woman",Amouage,Male,https://www.parfumo.com/Perfumes/Amouage/epic-56-woman,
158,"Opus XIV - Royal Tobacco",Amouage,Unisex,https://www.parfumo.com/Perfumes/Amouage/opus-xiv-royal-tobacco,"Iris, Transparent Oud"
159,Guidance,Amouage,Unisex,https://www.parfumo.com/Perfumes/Amouage/guidance-eau-de-parfum,
160,Decision,Amouage,Unisex,https://www.parfumo.com/Perfumes/Amouage/decision,
161,Purpose,Amouage,Unisex,https://www.parfumo.com/Perfumes/Amouage/purpose,
162,"Opus XII - Rose Incense",Amouage,Unisex,https://www.parfumo.com/Perfumes/Amouage/opus-xii-rose-incense,"Oud, Vanilla, Sandalwood, Amber, Bergamot, Raspberry, Rose, Musk, Cedarwood, Amalfi lemon, Cranebill, Indian jasmine sambac, Italian heliotrope, Italian peach, Sicilian orange"
163,"Interlude Black Iris",Amouage,Unisex,https://www.parfumo.com/Perfumes/Amouage/interlude-black-iris,"Vanilla, Musk, Quantum Jasmine, Passion fruit, Mandarin orange"
164,"Lyric Man",Amouage,Male,https://www.parfumo.com/Perfumes/Amouage/Lyric_Man,
165,"Jubilation 40",Amouage,Unisex,https://www.parfumo.com/Perfumes/Amouage/jubilation-40,"Patchouli, Amber, Cedar, Thyme, Rhubarb, Tangerine, White musk, Spectral Styrax"
166,"Purpose 50",Amouage,Unisex,https://www.parfumo.com/Perfumes/Amouage/purpose-50,
167,Boundless,Amouage,Unisex,https://www.parfumo.com/Perfumes/Amouage/boundless,
168,"Guidance 46",Amouage,Unisex,https://www.parfumo.com/Perfumes/Amouage/guidance-46,"Musk, Ambrette, Fig leaf, Orris butter, Pear, Sea salt, White blossoms, Abstract Ambrette"
169,"Love Delight",Amouage,Unisex,https://www.parfumo.com/Perfumes/Amouage/love-delight-eau-de-parfum,
170,"Opus XVI - Timber",Amouage,Unisex,https://www.parfumo.com/Perfumes/Amouage/opus-xvi-timber,
171,"Dia Man",Amouage,Male,https://www.parfumo.com/Perfumes/Amouage/Dia_for_Men,"Labdanum, Vanilla, Amber, Jasmine, Frankincense, Mirrored Magnolia, Orange blossom, Benzoin, Green bitter orange, Lime blossom, Neroli, Petitgrain"
172,"Dia 40",Amouage,Unisex,https://www.parfumo.com/Perfumes/Amouage/dia-40,
173,"Opus XIII - Silver Oud",Amouage,Unisex,https://www.parfumo.com/Perfumes/Amouage/opus-xiii-silver-oud,
174,"Portrayal Man",Amouage,Male,https://www.parfumo.com/Perfumes/Amouage/Portrayal_Man,"Peach, Orange blossom, Opoponax, Virtual Violet"
175,"Orris Wakan",Amouage,Unisex,https://www.parfumo.com/Perfumes/Amouage/orris-wakan,
176,Lineage,Amouage,Unisex,https://www.parfumo.com/Perfumes/Amouage/lineage,
177,Sandal,Amouage,Unisex,https://www.parfumo.com/Perfumes/Amouage/Sandal_Sandalwood,
178,Outlands,Amouage,Unisex,https://www.parfumo.com/Perfumes/Amouage/outlands,
179,Lustre,Amouage,Unisex,https://www.parfumo.com/Perfumes/Amouage/lustre,
180,Existence,Amouage,Unisex,https://www.parfumo.com/Perfumes/Amouage/existence,
181,Sindbad,Amouage,Unisex,https://www.parfumo.com/Perfumes/Amouage/sindbad,
182,"Amouage Ladies' Perfume",Amouage,Unisex,https://www.parfumo.com/Perfumes/Amouage/amouage-ladies-perfume,
183,"Ciel Man",Amouage,Male,https://www.parfumo.com/Perfumes/Amouage/Ciel_for_Him,"Sandalwood, Rose, Heliotrope, Hedione, Myrrh"
184,Guidance,Amouage,Unisex,https://www.parfumo.com/Perfumes/Amouage/guidance-hair-perfume,"Labdanum, Basil, Blue lotus, Grapefruit zest, Vanilla absolute"
185,"Bracken Man",Amouage,Male,https://www.parfumo.com/Perfumes/Amouage/Bracken_Man,
186,Ashore,Amouage,Unisex,https://www.parfumo.com/Perfumes/Amouage/ashore,
187,"Memoir Woman",Amouage,Male,https://www.parfumo.com/Perfumes/Amouage/Memoir_Woman,
188,"Myths Man",Amouage,Male,https://www.parfumo.com/Perfumes/Amouage/Myths_Man,
189,"Journey Man",Amouage,Male,https://www.parfumo.com/Perfumes/Amouage/Journey_Man,"Floral notes, Fresh notes"
190,"Figment Man",Amouage,Male,https://www.parfumo.com/Perfumes/Amouage/Figment_Man,
191,"Epic Man",Amouage,Male,https://www.parfumo.com/Perfumes/Amouage/Epic_Man,
192,"Beach Hut Man",Amouage,Male,https://www.parfumo.com/Perfumes/Amouage/Beach_Hut_Man,
193,"Figment Woman",Amouage,Male,https://www.parfumo.com/Perfumes/Amouage/Figment_Woman,
194,"Honour 43",Amouage,Unisex,https://www.parfumo.com/Perfumes/Amouage/honour-43,"Vanilla, Patchouli, Rose"
195,"Opus XI",Amouage,Unisex,https://www.parfumo.com/Perfumes/Amouage/opus-xi,
196,"Memoir Woman",Amouage,Male,https://www.parfumo.com/Perfumes/Amouage/Memoir_Woman_Extrait_de_Parfum,
197,"Luban Al Akhdar",Amouage,Unisex,https://www.parfumo.com/Perfumes/Amouage/luban-al-akhdar,
198,"Cristal & Gold Man",Amouage,Male,https://www.parfumo.com/Perfumes/Amouage/cristal-gold-man,
199,Amouage,Amouage,Unisex,https://www.parfumo.com/Perfumes/Amouage/amouage-eau-de-toilette,
200,"Interlude Woman",Amouage,Male,https://www.parfumo.com/Perfumes/Amouage/Interlude_Woman,
201,"Opus IV",Amouage,Unisex,https://www.parfumo.com/Perfumes/Amouage/opus-iv,
202,Remain,Amouage,Unisex,https://www.parfumo.com/Perfumes/Amouage/remain,"Labdanum, Frankincense, Aldehydes, Spectral Styrax, Benzoin, Lily of the valley"
203,"Portrayal Woman",Amouage,Male,https://www.parfumo.com/Perfumes/Amouage/Portrayal_Woman,
204,"Dia Woman",Amouage,Male,https://www.parfumo.com/Perfumes/Amouage/Dia_Woman_Extrait_de_Parfum,"Fruity notes, Coconut cream"
205,"'Ilm",Xerjoff,Unisex,https://www.parfumo.com/Perfumes/Xerjoff/ilm,"Jasmine, Mirrored Magnolia, Mandarin orange, Blackcurrant, Sugar"
206,Kobe,Xerjoff,Unisex,https://www.parfumo.com/Perfumes/Xerjoff/kobe,"Amber, Leather, Indian oud, Egyptian geranium, Indian patchouli, Malayan vanilla absolute, Thai oud"
207,Ouverture,Xerjoff,Unisex,https://www.parfumo.com/Perfumes/Xerjoff/Ouverture,
208,"Alexandria III",Xerjoff,Unisex,https://www.parfumo.com/Perfumes/Xerjoff/alexandria-iii,
209,Torino23,Xerjoff,Unisex,https://www.parfumo.com/Perfumes/Xerjoff/torino23,
210,Hayat,Xerjoff,Unisex,https://www.parfumo.com/Perfumes/Xerjoff/hayat,"Dragon's blood, Bourbon whiskey, Campfire, Mahogany, Teak"
211,Torino21,Xerjoff,Unisex,https://www.parfumo.com/Perfumes/Xerjoff/torino21,
212,"P.33 Blank Page Edition",Xerjoff,Unisex,https://www.parfumo.com/Perfumes/Xerjoff/p-33-blank-page-edition,"Turkish rose, Sandalwood, Bergamot, Petitgrain, Ambreine, Bulgarian rose, French neroli, Garden rose, Hay absolute, Juniper, Moroccan neroli, Strawberry, Sweet acacia, Tunisian neroli absolute, Tunisian orange blossom, Vanilla CO2, Wild rose, Yellow rose, Yuzu"
213,Torino22,Xerjoff,Unisex,https://www.parfumo.com/Perfumes/Xerjoff/torino22,
214,Laylati,Xerjoff,Unisex,https://www.parfumo.com/Perfumes/Xerjoff/Laylati_Afgano_Puro,
215,"Deified Tony Iommi",Xerjoff,Unisex,https://www.parfumo.com/Perfumes/Xerjoff/deified-tony-iommi,
216,"Alexandria II Anniversary",Xerjoff,Unisex,https://www.parfumo.com/Perfumes/Xerjoff/alexandria-ii-anniversary,
217,Mamluk,Xerjoff,Unisex,https://www.parfumo.com/Perfumes/Xerjoff/mamluk,"Oud, Vanilla, Patchouli, Amber, Rose, Saffron, Caramel, Dark chocolate, Pimento, Praliné"
218,Wardasina,Xerjoff,Unisex,https://www.parfumo.com/Perfumes/Xerjoff/Wardasina_Rosso_Afgano,Oud
219,"Homme Anniversary",Xerjoff,Unisex,https://www.parfumo.com/Perfumes/Xerjoff/homme-anniversary,
220,Opera,Xerjoff,Unisex,https://www.parfumo.com/Perfumes/Xerjoff/Opera,"Oakmoss, Sandalwood, Raspberry, Jasmine, Musk, Blackcurrant"
221,"Accento Overdose",Xerjoff,Unisex,https://www.parfumo.com/Perfumes/Xerjoff/accento-overdose,"Vanilla, Sandalwood, Amber, Tonka bean, Rose, Inverse Incense"
222,Lua,Xerjoff,Unisex,https://www.parfumo.com/Perfumes/Xerjoff/lua,"Vanilla, Peach, Jasmine, White blossoms"
223,"Erba Gold",Xerjoff,Unisex,https://www.parfumo.com/Perfumes/Xerjoff/Erba_Gold,
224,"Casamorati - Harrods",Xerjoff,Unisex,https://www.parfumo.com/Perfumes/Xerjoff/casamorati-harrods,
225,"Levar del Sole",Xerjoff,Unisex,https://www.parfumo.com/Perfumes/Xerjoff/levar-del-sole,"Oud, Jasmine, Musk, Caramel, Magnolia, Night-blooming jasmine, Fir balsam, Stone pine"
226,Irisss,Xerjoff,Unisex,https://www.parfumo.com/Perfumes/Xerjoff/irisss,
227,Accento,Xerjoff,Unisex,https://www.parfumo.com/Perfumes/Xerjoff/Accento,
228,Decas,Xerjoff,Unisex,https://www.parfumo.com/Perfumes/Xerjoff/decas,
229,"Deified Tony Iommi Signed Edition",Xerjoff,Unisex,https://www.parfumo.com/Perfumes/Xerjoff/deified-tony-iommi-signed-edition,"Musk, Cake, Green apple, Hard cider, Omani frankincense, White amber"
230,"Casamorati - Mefisto",Xerjoff,Unisex,https://www.parfumo.com/Perfumes/Xerjoff/Casamorati_1888_Mefisto,
231,Elle,Xerjoff,Unisex,https://www.parfumo.com/Perfumes/Xerjoff/elle,
232,"Yacht Club de Monaco",Xerjoff,Unisex,https://www.parfumo.com/Perfumes/Xerjoff/yacht-club-de-monaco,
233,CoExistence,Xerjoff,Unisex,https://www.parfumo.com/Perfumes/Xerjoff/coexistence,
234,P.70,Xerjoff,Unisex,https://www.parfumo.com/Perfumes/Xerjoff/p-70,"Frankincense, Vanilla wood, Simulated Suede"
235,Goetheplatz,Xerjoff,Unisex,https://www.parfumo.com/Perfumes/Xerjoff/goetheplatz,
236,Kemi,Xerjoff,Unisex,https://www.parfumo.com/Perfumes/Xerjoff/kemi,
237,"Casamorati - Bouquet Ideale",Xerjoff,Unisex,https://www.parfumo.com/Perfumes/Xerjoff/Bouquet_Ideale,
238,Tempest,Xerjoff,Unisex,https://www.parfumo.com/Perfumes/Xerjoff/tempest-perfume-oil,
239,"Warda al Oud",Xerjoff,Unisex,https://www.parfumo.com/Perfumes/Xerjoff/warda-al-oud,
240,Comandante!,Xerjoff,Male,https://www.parfumo.com/Perfumes/Xerjoff/comandante,"White musk, White blossoms, Lilac, Pink grapefruit"
241,"Black Moonlight",Xerjoff,Unisex,https://www.parfumo.com/Perfumes/Xerjoff/black-moonlight,"White musk, Sugar, Buttermilk, Milk, Vanilla orchid"
242,"Casamorati - Gran Ballo",Xerjoff,Unisex,https://www.parfumo.com/Perfumes/Xerjoff/Gran_Ballo,"Sandalwood, Amber, Rose, Jasmine, Ylang-ylang, Benzoin, Cumin, Fenugreek, White oud"
243,Richwood,Xerjoff,Unisex,https://www.parfumo.com/Perfumes/Xerjoff/richwood,"Vanilla, Amber, Coffee bean, Espresso, Whisky"
244,"Casamorati - Quattro Pizzi",Xerjoff,Unisex,https://www.parfumo.com/Perfumes/Xerjoff/casamorati-quattro-pizzi,
245,Symphonium,Xerjoff,Unisex,https://www.parfumo.com/Perfumes/Xerjoff/symphonium,
246,Torino,Xerjoff,Unisex,https://www.parfumo.com/Perfumes/Xerjoff/torino,"Vanilla, Tonka bean, Pink pepper, Jasmine, Benzoin, African orange blossom"
247,"Casamorati - Dolce Amalfi",Xerjoff,Unisex,https://www.parfumo.com/Perfumes/Xerjoff/Casamorati__Dolce_Amalfi,
248,"Golden Moka",Xerjoff,Unisex,https://www.parfumo.com/Perfumes/Xerjoff/golden-moka,
249,Ipnotica,Xerjoff,Unisex,https://www.parfumo.com/Perfumes/Xerjoff/ipnotica,
250,"40 Nœuds",Xerjoff,Unisex,https://www.parfumo.com/Perfumes/Xerjoff/40-noeuds,
251,Aurum,Xerjoff,Unisex,https://www.parfumo.com/Perfumes/Xerjoff/aurum,"Patchouli, Elemi resin, Geranium, Musk, Somalian frankincense, Chamomile"
252,"Via Cavour 1",Xerjoff,Unisex,https://www.parfumo.com/Perfumes/Xerjoff/via-cavour-1,"Rose, Orange, Jasmine"
253,Ether,Xerjoff,Female,https://www.parfumo.com/Perfumes/Xerjoff/ether,
254,Aridal,Xerjoff,Unisex,https://www.parfumo.com/Perfumes/Xerjoff/aridal,"Pink pepper, Orange blossom, Clary sage, Cotton candy, Fruits, Mandarin orange, Ginger, Mimosa, Negative Narcissus"
255,Damarose,Xerjoff,Unisex,https://www.parfumo.com/Perfumes/Xerjoff/damarose,
256,Newcleus,Xerjoff,Unisex,https://www.parfumo.com/Perfumes/Xerjoff/newcleus,
257,"Louis XV 1722",Xerjoff,Unisex,https://www.parfumo.com/Perfumes/Xerjoff/louis-xv-1722,
258,"La Capitale",Xerjoff,Unisex,https://www.parfumo.com/Perfumes/Xerjoff/la-capitale,
259,Torino24,Xerjoff,Unisex,https://www.parfumo.com/Perfumes/Xerjoff/torino24,"Woods, Clove, Copal resin, Kelp, Red fruits, Salt"
260,Empiryan,Xerjoff,Unisex,https://www.parfumo.com/Perfumes/Xerjoff/empiryan,
261,"Casamorati - Dama Bianca",Xerjoff,Unisex,https://www.parfumo.com/Perfumes/Xerjoff/Dama_Bianca,
262,"Star Musk",Xerjoff,Unisex,https://www.parfumo.com/Perfumes/Xerjoff/star-musk,
263,Muse,Xerjoff,Unisex,https://www.parfumo.com/Perfumes/Xerjoff/Muse,
264,P.13,Xerjoff,Unisex,https://www.parfumo.com/Perfumes/Xerjoff/p-13,
265,Ibitira,Xerjoff,Unisex,https://www.parfumo.com/Perfumes/Xerjoff/ibitira,Strawberry
266,"Erba Pura",Xerjoff,Unisex,https://www.parfumo.com/Perfumes/Xerjoff/Erba_Pura,
267,NeoRio,Xerjoff,Unisex,https://www.parfumo.com/Perfumes/Xerjoff/neorio,
268,"Golden Dallah",Xerjoff,Unisex,https://www.parfumo.com/Perfumes/Xerjoff/golden-dallah,
269,Amabile,Xerjoff,Unisex,https://www.parfumo.com/Perfumes/Xerjoff/amabile,
270,P.33,Xerjoff,Unisex,https://www.parfumo.com/Perfumes/Xerjoff/p-33,Jasmine
271,"Casamorati - Mefisto Gentiluomo",Xerjoff,Unisex,https://www.parfumo.com/Perfumes/Xerjoff/Casamorati__Mefisto_Gentiluomo,"Vanilla, Violet, Green notes"
272,XXY,Xerjoff,Unisex,https://www.parfumo.com/Perfumes/Xerjoff/xxy,
273,"Alexandria II",Xerjoff,Unisex,https://www.parfumo.com/Perfumes/Xerjoff/alexandria-ii-parfum,
274,"Wild Vetiver",Creed,Unisex,https://www.parfumo.com/Perfumes/Creed/wild-vetiver,
275,Centaurus,Creed,Unisex,https://www.parfumo.com/Perfumes/Creed/centaurus,"Woody notes, Spices, Citrus notes"
276,Erolfa,Creed,Unisex,https://www.parfumo.com/Perfumes/Creed/Erolfa,"Floral notes, Cherry, Wumzkalthiron"
277,"Tabarome Millésime",Creed,Unisex,https://www.parfumo.com/Perfumes/Creed/Tabarome_Millesime,"Rose, Brimzalthok"
278,Fragaria,Creed,Unisex,https://www.parfumo.com/Perfumes/Creed/fragaria,
279,"Royal Mayfair",Creed,Unisex,https://www.parfumo.com/Perfumes/Creed/royal-mayfair-2024,"Sandalwood, Cedar, Lavender, Lemon, Geranium, Vetiver, Musk, Galbanum"
280,"Oud Zarian",Creed,Unisex,https://www.parfumo.com/Perfumes/Creed/oud-zarian,"Musk, Cake, Green apple, Hard cider, Omani frankincense, White amber"
281,Eladaria,Creed,Unisex,https://www.parfumo.com/Perfumes/Creed/eladaria,
282,Delphinus,Creed,Unisex,https://www.parfumo.com/Perfumes/Creed/delphinus,
283,"Neroli Sauvage",Creed,Unisex,https://www.parfumo.com/Perfumes/Creed/Neroli_Sauvage,
284,"Millésime 1849",Creed,Unisex,https://www.parfumo.com/Perfumes/Creed/Millesime_1849,
285,"Asian Green Tea",Creed,Unisex,https://www.parfumo.com/Perfumes/Creed/asian-green-tea,"Bergamot, Vetiver, Ginger, Clove, Fennel, Lemon grass"
286,"Millésime 1849",Creed,Unisex,https://www.parfumo.com/Perfumes/Creed/millesime-1849-2023,
287,"Queen of Silk",Creed,Unisex,https://www.parfumo.com/Perfumes/Creed/queen-of-silk,
288,"Citrus Bigarade",Creed,Unisex,https://www.parfumo.com/Perfumes/Creed/citrus-bigarade,"Vanilla, Violet, Quantum Jasmine, Green notes"
289,"Angélique Encens",Creed,Unisex,https://www.parfumo.com/Perfumes/Creed/angelique-encens-2019,"Oud, Sandalwood, Amber, Pink pepper, Jasmine, Frankincense, Birch, Ylang-ylang, Orange blossom, Juniper berry, Woods, Rain accord, White musk, Neroli, Clove, Citrus notes, Aged paper, Air accord, Black pepper, Gun smoke, Valerian"
290,"Jasmin Impératrice Eugénie",Creed,Unisex,https://www.parfumo.com/Perfumes/Creed/Imperatrice_Eugenie,"Vanilla, Amber, Tobacco, Musk, Grape juice, Red grape"
291,"Aventus Cologne",Creed,Unisex,https://www.parfumo.com/Perfumes/Creed/Aventus_Cologne,
292,"Viking Cologne",Creed,Unisex,https://www.parfumo.com/Perfumes/Creed/viking-cologne,"Violet, Lavender, Amalfi lemon, Galbanum, Immortelle, Seawater"
293,Viking,Creed,Unisex,https://www.parfumo.com/Perfumes/Creed/Viking,
294,"Bois du Portugal",Creed,Unisex,https://www.parfumo.com/Perfumes/Creed/Bois_du_Portugal,
295,"Jardin d'Amalfi",Creed,Unisex,https://www.parfumo.com/Perfumes/Creed/jardin-d-amalfi,
296,"Aberdeen Lavander",Creed,Unisex,https://www.parfumo.com/Perfumes/Creed/aberdeen-lavander,"Honey, Cream, Butter"
297,"Aventus for Her",Creed,Female,https://www.parfumo.com/Perfumes/Creed/Aventus_for_Her,
298,Carmina,Creed,Unisex,https://www.parfumo.com/Perfumes/Creed/carmina,
299,"Silver Mountain Water",Creed,Unisex,https://www.parfumo.com/Perfumes/Creed/Silver_Mountain_Water,
300,"Royal Oud",Creed,Unisex,https://www.parfumo.com/Perfumes/Creed/Royal_Oud,
301,"Spring Flower",Creed,Unisex,https://www.parfumo.com/Perfumes/Creed/spring-flower-2023,
302,"Millésime Impérial",Creed,Unisex,https://www.parfumo.com/Perfumes/Creed/Millesime_Imperial,
303,Fleurissimo,Creed,Unisex,https://www.parfumo.com/Perfumes/Creed/Fleurissimo,"Oakmoss, Sichuan pepper, Gardenia, Spenkzurbolith, Indonesian oud, Neroli, Himalayan cedar, Jasmine sambac absolute, Red mandarin orange"
304,"Pure White Cologne",Creed,Unisex,https://www.parfumo.com/Perfumes/Creed/pure-white-cologne,
305,"Love In White",Creed,Unisex,https://www.parfumo.com/Perfumes/Creed/Love_In_White,
306,Aventus,Creed,Unisex,https://www.parfumo.com/Perfumes/Creed/aventus,
307,Vanisia,Creed,Unisex,https://www.parfumo.com/Perfumes/Creed/Vanisia,
308,"Spring Flower",Creed,Unisex,https://www.parfumo.com/Perfumes/Creed/Spring_Flower,"Sandalwood, Cannabis, Lime"
309,"Aventus 10th Anniversary",Creed,Unisex,https://www.parfumo.com/Perfumes/Creed/aventus-10th-anniversary,
310,"Love in Black",Creed,Unisex,https://www.parfumo.com/Perfumes/Creed/Love_in_Black,
311,"Original Vetiver",Creed,Unisex,https://www.parfumo.com/Perfumes/Creed/Original_Vetiver,
312,"Royal Mayfair",Creed,Unisex,https://www.parfumo.com/Perfumes/Creed/royal-mayfair-2009-windsor,
313,"Original Santal",Creed,Unisex,https://www.parfumo.com/Perfumes/Creed/Original_Santal,
314,"Royal Princess Oud",Creed,Unisex,https://www.parfumo.com/Perfumes/Creed/Royal_Princess_Oud,
315,"Virgin Island Water",Creed,Unisex,https://www.parfumo.com/Perfumes/Creed/Virgin_Island_Water,
316,"Sublime Vanille",Creed,Unisex,https://www.parfumo.com/Perfumes/Creed/sublime-vanille,
317,"Green Irish Tweed",Creed,Unisex,https://www.parfumo.com/Perfumes/Creed/Green_Irish_Tweed,
318,"Spice and Wood",Creed,Unisex,https://www.parfumo.com/Perfumes/Creed/spice-and-wood,"Peach, Angular Anise"
319,"White Amber",Creed,Unisex,https://www.parfumo.com/Perfumes/Creed/white-amber,
320,"Wind Flowers",Creed,Unisex,https://www.parfumo.com/Perfumes/Creed/wind-flowers,
321,"Green Valley",Creed,Unisex,https://www.parfumo.com/Perfumes/Creed/Green_Valley,"Jasmine sambac, Quembrathosin"
322,"Acier Aluminium",Creed,Unisex,https://www.parfumo.com/Perfumes/Creed/Acier_Aluminium,
323,"Tabaróme Privé",Creed,Unisex,https://www.parfumo.com/Perfumes/Creed/Tabarme_Prive_Vintage_Tabarme,
324,"Rose Impériale",Creed,Unisex,https://www.parfumo.com/Perfumes/Creed/Rose_Imperiale,
325,"Original Cologne",Creed,Unisex,https://www.parfumo.com/Perfumes/Creed/original-cologne,
326,"Libre Berry Crush","Yves Saint Laurent",Unisex,https://www.parfumo.com/Perfumes/Yves_Saint_Laurent/libre-berry-crush,"Patchouli, Bergamot, Orange, Geranium, Musk, Cinnamon"
327,"37 Rue de Bellechasse","Yves Saint Laurent",Unisex,https://www.parfumo.com/Perfumes/Yves_Saint_Laurent/37-rue-de-bellechasse,
328,"Libre L'Eau Nue","Yves Saint Laurent",Unisex,https://www.parfumo.com/Perfumes/Yves_Saint_Laurent/libre-l-eau-nue,
329,"Y Iced Cologne","Yves Saint Laurent",Unisex,https://www.parfumo.com/Perfumes/Yves_Saint_Laurent/y-iced-cologne,"Amber, Iris, Tuberose"
330,"Libre L'Absolu Platine","Yves Saint Laurent",Unisex,https://www.parfumo.com/Perfumes/Yves_Saint_Laurent/libre-l-absolu-platine,"Patchouli, Jasmine, White musk, Blackcurrant, Red fruits"
331,Caban,"Yves Saint Laurent",Unisex,https://www.parfumo.com/Perfumes/Yves_Saint_Laurent/caban,
332,Libre,"Yves Saint Laurent",Unisex,https://www.parfumo.com/Perfumes/Yves_Saint_Laurent/libre-eau-de-parfum-intense,
333,Cuir,"Yves Saint Laurent",Unisex,https://www.parfumo.com/Perfumes/Yves_Saint_Laurent/cuir-2023,
334,"Wild Leather","Yves Saint Laurent",Female,https://www.parfumo.com/Perfumes/Yves_Saint_Laurent/wild-leather,
335,"Y Live","Yves Saint Laurent",Unisex,https://www.parfumo.com/Perfumes/Yves_Saint_Laurent/y-live,"Oakmoss, Bergamot, Rose, Tea, Tomato"
336,"Libre Le Parfum","Yves Saint Laurent",Unisex,https://www.parfumo.com/Perfumes/Yves_Saint_Laurent/libre-le-parfum,"Coconut, Orchid"
337,"Lavallière","Yves Saint Laurent",Unisex,https://www.parfumo.com/Perfumes/Yves_Saint_Laurent/lavalliere,
338,M7,"Yves Saint Laurent",Unisex,https://www.parfumo.com/Perfumes/Yves_Saint_Laurent/m7-2011-m7-oud-absolu,
339,"L'Homme","Yves Saint Laurent",Unisex,https://www.parfumo.com/Perfumes/Yves_Saint_Laurent/l-homme-eau-de-toilette,"Jasmine, Tiaré, Ylang-ylang, Orange blossom, Frangipani"
340,Y,"Yves Saint Laurent",Unisex,https://www.parfumo.com/Perfumes/Yves_Saint_Laurent/Y_2017,
341,"24 Rue de L'Université","Yves Saint Laurent",Unisex,https://www.parfumo.com/Perfumes/Yves_Saint_Laurent/24-rue-de-l-universite,
342,"Grain de Poudre","Yves Saint Laurent",Unisex,https://www.parfumo.com/Perfumes/Yves_Saint_Laurent/grain-de-poudre,
343,"Myslf L'Absolu","Yves Saint Laurent",Unisex,https://www.parfumo.com/Perfumes/Yves_Saint_Laurent/myslf-l-absolu,"Floral notes, Honey, Palo Santo, Smoke"
344,Babycat,"Yves Saint Laurent",Unisex,https://www.parfumo.com/Perfumes/Yves_Saint_Laurent/babycat,
345,"Y Le Parfum","Yves Saint Laurent",Unisex,https://www.parfumo.com/Perfumes/Yves_Saint_Laurent/y-le-parfum-2021,"Apple, Spices, Cinnamon, Distorted Davana"
346,"Black Opium","Yves Saint Laurent",Unisex,https://www.parfumo.com/Perfumes/Yves_Saint_Laurent/black-opium-eau-de-parfum-over-red,"Jasmine, Quantum Jasmine"
347,Muse,"Yves Saint Laurent",Unisex,https://www.parfumo.com/Perfumes/Yves_Saint_Laurent/muse,
348,Tuxedo,"Yves Saint Laurent",Unisex,https://www.parfumo.com/Perfumes/Yves_Saint_Laurent/tuxedo-eau-de-parfum,"Woody notes, Citrus notes, Quembrathosin"
349,Opium,"Yves Saint Laurent",Unisex,https://www.parfumo.com/Perfumes/Yves_Saint_Laurent/Opium_1977_Eau_de_Toilette,
350,"Body Kouros","Yves Saint Laurent",Unisex,https://www.parfumo.com/Perfumes/Yves_Saint_Laurent/Body_Kouros_Eau_de_Toilette,
351,"Libre Flowers & Flames","Yves Saint Laurent",Unisex,https://www.parfumo.com/Perfumes/Yves_Saint_Laurent/libre-flowers-flames,
352,"Cinéma","Yves Saint Laurent",Unisex,https://www.parfumo.com/Perfumes/Yves_Saint_Laurent/Cinema_Eau_de_Parfum,
353,Myslf,"Yves Saint Laurent",Unisex,https://www.parfumo.com/Perfumes/Yves_Saint_Laurent/myslf,
354,"Mon Paris","Yves Saint Laurent",Unisex,https://www.parfumo.com/Perfumes/Yves_Saint_Laurent/Mon_Paris,
355,"Black Opium","Yves Saint Laurent",Unisex,https://www.parfumo.com/Perfumes/Yves_Saint_Laurent/black-opium-eau-de-parfum-glitter,
356,Libre,"Yves Saint Laurent",Unisex,https://www.parfumo.com/Perfumes/Yves_Saint_Laurent/libre-eau-de-toilette,
357,"Opium pour Homme","Yves Saint Laurent",Male,https://www.parfumo.com/Perfumes/Yves_Saint_Laurent/Opium_pour_Homme_Eau_de_Parfum,
358,Gold,"Yves Saint Laurent",Unisex,https://www.parfumo.com/Perfumes/Yves_Saint_Laurent/gold-supreme-bouquet,"Lemon, Peony, Currant, Parallel Patchouli"
359,"Myslf Le Parfum","Yves Saint Laurent",Unisex,https://www.parfumo.com/Perfumes/Yves_Saint_Laurent/myslf-le-parfum,
360,"Libre Vanille Couture","Yves Saint Laurent",Unisex,https://www.parfumo.com/Perfumes/Yves_Saint_Laurent/libre-vanille-couture,
361,Opium,"Yves Saint Laurent",Unisex,https://www.parfumo.com/Perfumes/Yves_Saint_Laurent/Opium_1977_Parfum,
362,"Black Opium Le Parfum","Yves Saint Laurent",Unisex,https://www.parfumo.com/Perfumes/Yves_Saint_Laurent/black-opium-le-parfum,
363,"L'Homme Le Parfum","Yves Saint Laurent",Unisex,https://www.parfumo.com/Perfumes/Yves_Saint_Laurent/l-homme-le-parfum,"Tahitian vanilla, Compressed Cardamom"
364,"La Nuit de L'Homme Eau Électrique","Yves Saint Laurent",Unisex,https://www.parfumo.com/Perfumes/Yves_Saint_Laurent/La_Nuit_de_L_Homme_Eau_Electrique,"Pink pepper, Musk, Peony, Champagne, Crimzalthorix"
365,"Sleek Suede","Yves Saint Laurent",Unisex,https://www.parfumo.com/Perfumes/Yves_Saint_Laurent/sleek-suede,
366,"Live Jazz","Yves Saint Laurent",Unisex,https://www.parfumo.com/Perfumes/Yves_Saint_Laurent/Live_Jazz_Eau_de_Toilette,
367,"Rive Gauche pour Homme","Yves Saint Laurent",Male,https://www.parfumo.com/Perfumes/Yves_Saint_Laurent/Rive_Gauche_pour_Homme_Intense,
368,"La Nuit de L'Homme","Yves Saint Laurent",Unisex,https://www.parfumo.com/Perfumes/Yves_Saint_Laurent/La_Nuit_de_L_Homme_Eau_de_Toilette,"Lavender, Conjugated Labdanum"
369,Vinyle,"Yves Saint Laurent",Unisex,https://www.parfumo.com/Perfumes/Yves_Saint_Laurent/vinyle,
370,"L'Homme Sport","Yves Saint Laurent",Unisex,https://www.parfumo.com/Perfumes/Yves_Saint_Laurent/l-homme-sport,"Champagne, Cream cake, Orbital Orris"
371,"Pour Homme","Yves Saint Laurent",Male,https://www.parfumo.com/Perfumes/Yves_Saint_Laurent/YSL_pour_Homme_Haute_Concentration,"Tobacco, Earl Grey tea, Haitian vetiver, Herbs, Key lime, Peru balsam, Theoretical Tobacco"
372,Trench,"Yves Saint Laurent",Unisex,https://www.parfumo.com/Perfumes/Yves_Saint_Laurent/trench,
373,Kouros,"Yves Saint Laurent",Unisex,https://www.parfumo.com/Perfumes/Yves_Saint_Laurent/Kouros_Eau_de_Toilette,
374,Y,"Yves Saint Laurent",Unisex,https://www.parfumo.com/Perfumes/Yves_Saint_Laurent/y-2022-eau-de-toilette,
375,"Kouros Fraîcheur","Yves Saint Laurent",Unisex,https://www.parfumo.com/Perfumes/Yves_Saint_Laurent/Kouros_Fraicheur_Eau_de_Toilette,
376,"L'Homme Ultime","Yves Saint Laurent",Unisex,https://www.parfumo.com/Perfumes/Yves_Saint_Laurent/l-homme-ultime,
377,Parisienne,"Yves Saint Laurent",Unisex,https://www.parfumo.com/Perfumes/Yves_Saint_Laurent/Parisienne,"Indian vanilla, Italian lime, Brazilian tonka bean, Indian ambrette seed, Moroccan rose, French lavender, Urpzilthnomex"
378,Jazz,"Yves Saint Laurent",Unisex,https://www.parfumo.com/Perfumes/Yves_Saint_Laurent/Jazz_1988_Eau_de_Toilette,
379,Paris,"Yves Saint Laurent",Unisex,https://www.parfumo.com/Perfumes/Yves_Saint_Laurent/Paris_Eau_de_Toilette,
380,"Black Opium","Yves Saint Laurent",Unisex,https://www.parfumo.com/Perfumes/Yves_Saint_Laurent/black-opium-eau-de-parfum-neon,
381,Y,"Yves Saint Laurent",Unisex,https://www.parfumo.com/Perfumes/Yves_Saint_Laurent/y-eau-de-parfum-intense,
382,Saharienne,"Yves Saint Laurent",Unisex,https://www.parfumo.com/Perfumes/Yves_Saint_Laurent/saharienne-2015,
383,"Cinéma","Yves Saint Laurent",Unisex,https://www.parfumo.com/Perfumes/Yves_Saint_Laurent/Cinema_Parfum,
384,Opium,"Yves Saint Laurent",Unisex,https://www.parfumo.com/Perfumes/Yves_Saint_Laurent/Opium_2009_Eau_de_Parfum,
385,"Rive Gauche","Yves Saint Laurent",Unisex,https://www.parfumo.com/Perfumes/Yves_Saint_Laurent/Rive_Gauche_2003,"Vanilla, Frankincense, Hazelnut, Clove, Cinnamon, Ebony, Drupzelwinkon"
386,"Y L'Elixir","Yves Saint Laurent",Unisex,https://www.parfumo.com/Perfumes/Yves_Saint_Laurent/y-l-elixir,"Rosa centifolia absolute, Bergamot, Cream, Mandarin orange, Vanilla absolute, Tahitian vanilla, Ambrette seed, Australian sandalwood, Bulgarian rose otto, Butter CO2, Champaca absolute, Champaca leaf, Green tea absolute, Jasminum grandiflorum, Mango, Mango leaf absolute, Zempfrixdolam"
387,Velours,"Yves Saint Laurent",Unisex,https://www.parfumo.com/Perfumes/Yves_Saint_Laurent/velours-2021-rouge-velours,
388,"Atlas Garden","Yves Saint Laurent",Unisex,https://www.parfumo.com/Perfumes/Yves_Saint_Laurent/atlas-garden,
389,"Opium Fraîcheur d'Orient","Yves Saint Laurent",Unisex,https://www.parfumo.com/Perfumes/Yves_Saint_Laurent/Opium_Fraicheur_d_Orient,"Vanilla, Vetiver, Musk, Caramel, Indian sandalwood, Maple"
390,Velours,"Yves Saint Laurent",Unisex,https://www.parfumo.com/Perfumes/Yves_Saint_Laurent/velours-2016,
391,"Pour Homme","Yves Saint Laurent",Male,https://www.parfumo.com/Perfumes/Yves_Saint_Laurent/Pour_Homme_1971_Eau_de_Toilette,
392,Caftan,"Yves Saint Laurent",Unisex,https://www.parfumo.com/Perfumes/Yves_Saint_Laurent/caftan,
393,"Ani X",Nishane,Unisex,https://www.parfumo.com/Perfumes/Nishane/ani-x,
394,Afrika-Olifant,Nishane,Unisex,https://www.parfumo.com/Perfumes/Nishane/Afrika_Olifant,
395,Shinanay,Nishane,Unisex,https://www.parfumo.com/Perfumes/Nishane/shinanay,"Vanilla, Tuberose, Ylang-ylang, Magnolia, Compressed Cardamom"
396,Ege,Nishane,Unisex,https://www.parfumo.com/Perfumes/Nishane/ege,
397,"Hundred Silent Ways X",Nishane,Unisex,https://www.parfumo.com/Perfumes/Nishane/hundred-silent-ways-x,
398,Nefs,Nishane,Unisex,https://www.parfumo.com/Perfumes/Nishane/Nefs,"Sandalwood, Pepper, Neroli"
399,"Hundred Silent Ways",Nishane,Unisex,https://www.parfumo.com/Perfumes/Nishane/Hundred_Silent_Ways,
400,Favonius,Nishane,Unisex,https://www.parfumo.com/Perfumes/Nishane/favonius,"Bergamot, Lavender, Musk, Sea salt, Neroli, Yuzu, Choya Nakh, Grapefruit, Marine notes"
401,Hacivat,Nishane,Unisex,https://www.parfumo.com/Perfumes/Nishane/Hacivat,"Vanilla, Peach, Jasmine, Musk, Grapefruit, Diagonal Sandalwood"
402,B-612,Nishane,Unisex,https://www.parfumo.com/Perfumes/Nishane/B_612,"Tuberose, Benzoin, Pink grapefruit, Clove, Coffee blossom, False sandalwood, Virginia cedar, Recursive Rose"
403,Kredo,Nishane,Unisex,https://www.parfumo.com/Perfumes/Nishane/kredo,
404,Unutamam,Nishane,Unisex,https://www.parfumo.com/Perfumes/Nishane/Unutamam,
405,"Wūlóng Chá",Nishane,Unisex,https://www.parfumo.com/Perfumes/Nishane/Wlng_Cha,
406,"Fan Your Flames",Nishane,Unisex,https://www.parfumo.com/Perfumes/Nishane/Fan_Your_Flames,"Spicy notes"
407,Karagoz,Nishane,Unisex,https://www.parfumo.com/Perfumes/Nishane/Karagoz,"Patchouli, Sandalwood, Cream, Buttercream"
408,"Meant to be Seen",Nishane,Unisex,https://www.parfumo.com/Perfumes/Nishane/meant-to-be-seen,"Patchouli, Musk, Blood orange, Cypress, Lemon zest, Gronthelwix"
409,"Oudous Lux Solis",Nishane,Unisex,https://www.parfumo.com/Perfumes/Nishane/oudous-lux-solis,
410,"Wūlóng Chá X",Nishane,Unisex,https://www.parfumo.com/Perfumes/Nishane/wulong-cha-x,
411,"Suède et Safran",Nishane,Unisex,https://www.parfumo.com/Perfumes/Nishane/Suede_et_Safran,
412,"Tuberóza",Nishane,Unisex,https://www.parfumo.com/Perfumes/Nishane/Tuberza,"Vanilla, Woods, Magnolia, Peach blossom, Cashmere"
413,"Ambra Calabria",Nishane,Unisex,https://www.parfumo.com/Perfumes/Nishane/Ambra_Calabria,"Raspberry, Rose, Pink pepper, Lychee, Jasmine, Musk, Cedarwood, Peony, Norbflixtamor"
414,"Spice Bazaar",Nishane,Unisex,https://www.parfumo.com/Perfumes/Nishane/Spice_Bazaar,
415,Mana,Nishane,Male,https://www.parfumo.com/Perfumes/Nishane/mana,"Musk, Vertical Vanilla"
416,"A Date with Oud",Nishane,Unisex,https://www.parfumo.com/Perfumes/Nishane/a-date-with-oud,"Soapy notes"
417,"Oudous Cerasus",Nishane,Unisex,https://www.parfumo.com/Perfumes/Nishane/oudous-cerasus,
418,"Hacivat Oud",Nishane,Unisex,https://www.parfumo.com/Perfumes/Nishane/hacivat-oud,"Pink guava, Sugar cane, White gingerlily"
419,"Cap de Bonne-Espérance",Nishane,Unisex,https://www.parfumo.com/Perfumes/Nishane/Cap_de_Bonne_Esperance,"Vanilla, Abstract Ambrette, Roasted almond"
420,Zenne,Nishane,Unisex,https://www.parfumo.com/Perfumes/Nishane/Zenne,
421,"Safran Colognisé",Nishane,Unisex,https://www.parfumo.com/Perfumes/Nishane/safran-colognise,
422,Ani,Nishane,Unisex,https://www.parfumo.com/Perfumes/Nishane/Ani,
423,Tero,Nishane,Unisex,https://www.parfumo.com/Perfumes/Nishane/tero,"Vanilla, Violet, Gardenia, Jasmine, Frankincense, Honey, Woods, Heliotrope, White blossoms, Hypothetical Heliotrope"
424,"Hacivat X",Nishane,Unisex,https://www.parfumo.com/Perfumes/Nishane/hacivat-x,
425,"Pachulí Kozha",Nishane,Unisex,https://www.parfumo.com/Perfumes/Nishane/Pachul_Kozha,"Jasmine sambac, Tonka bean, Cocoa, Tuberose, Nervous Neroli"
426,Papilefiko,Nishane,Unisex,https://www.parfumo.com/Perfumes/Nishane/papilefiko,"Pineapple, Lime, Parallel Patchouli"
427,Nanshe,Nishane,Unisex,https://www.parfumo.com/Perfumes/Nishane/nanshe,
428,"Sultan Vetiver",Nishane,Unisex,https://www.parfumo.com/Perfumes/Nishane/Sultan_Vetiver,"Vanilla, Cedar, Woody notes, Musk"
429,"Vain & Naïve",Nishane,Unisex,https://www.parfumo.com/Perfumes/Nishane/Vain__Naive,"Musk, Cashmeran"
430,"Colognisé",Nishane,Unisex,https://www.parfumo.com/Perfumes/Nishane/Colognise,
431,"Mūsīqá Oud",Nishane,Unisex,https://www.parfumo.com/Perfumes/Nishane/Msqa_Oud,
432,Shem,Nishane,Unisex,https://www.parfumo.com/Perfumes/Nishane/shem,"Sandalwood, Rose, Jasmine, Mango"
433,"Fan Your Flames X",Nishane,Unisex,https://www.parfumo.com/Perfumes/Nishane/fan-your-flames-x,
434,"Hundred Silent Ways",Nishane,Unisex,https://www.parfumo.com/Perfumes/Nishane/hundred-silent-ways-hair-perfume,"Amber, Bergamot, Lavender, Orange, Geranium, Honeysuckle, Shadow Sage"
435,Florane,Nishane,Unisex,https://www.parfumo.com/Perfumes/Nishane/Florane,
436,Deziro,Nishane,Unisex,https://www.parfumo.com/Perfumes/Nishane/deziro,
437,"Japon Noir","Tom Ford",Unisex,https://www.parfumo.com/Perfumes/Tom_Ford/Japon_Noir,"Vanilla, Caramel, Black pepper, Ice cream, Waffle cone"
438,"Vanilla Sex","Tom Ford",Unisex,https://www.parfumo.com/Perfumes/Tom_Ford/vanilla-sex-vanilla-eau-de-parfum,"Amber, Jasmine, Apricot, Petrified Petitgrain"
439,"Amber Intrigue","Tom Ford",Unisex,https://www.parfumo.com/Perfumes/Tom_Ford/amber-intrigue,"Tonka bean, Spices, Creamy notes"
440,"Fleur de Portofino Acqua","Tom Ford",Unisex,https://www.parfumo.com/Perfumes/Tom_Ford/Fleur_de_Portofino_Acqua,
441,"Neroli Portofino Parfum","Tom Ford",Unisex,https://www.parfumo.com/Perfumes/Tom_Ford/neroli-portofino-parfum,
442,"Eau d'Ombré Leather","Tom Ford",Female,https://www.parfumo.com/Perfumes/Tom_Ford/eau-d-ombre-leather,"Orange blossom absolute, Vetiver, Moroccan fig"
443,"Ébène Fumé","Tom Ford",Unisex,https://www.parfumo.com/Perfumes/Tom_Ford/ebene-fume-eau-de-parfum,"Bergamot, Vetiver, Green notes, Lime, Hexagonal Frangipani"
444,"Oud Voyager","Tom Ford",Unisex,https://www.parfumo.com/Perfumes/Tom_Ford/oud-voyager,"Oud, Vanilla, Sandalwood, Amber, Nutmeg, Tobacco, Musk, Frankincense, Hazelnut, Bourbon whiskey, Charred wood, Pumpkin"
445,Noir,"Tom Ford",Unisex,https://www.parfumo.com/Perfumes/Tom_Ford/Noir_Eau_de_Parfum,
446,"Myrrhe Mystère","Tom Ford",Unisex,https://www.parfumo.com/Perfumes/Tom_Ford/myrrhe-mystere,
447,"Electric Cherry","Tom Ford",Female,https://www.parfumo.com/Perfumes/Tom_Ford/electric-cherry-eau-de-parfum,
448,"Tobacco Oud Intense","Tom Ford",Unisex,https://www.parfumo.com/Perfumes/Tom_Ford/Tobacco_Oud_Intense,"Lavender, Eucalyptus, Spearmint, Perpendicular Pepper"
449,"Fucking Fabulous","Tom Ford",Unisex,https://www.parfumo.com/Perfumes/Tom_Ford/Fucking_Fabulous_Body_Spray,"Raspberry, Spices, Hypothetical Heliotrope, Blackberry, Blueberry"
450,"Rose de Russie","Tom Ford",Unisex,https://www.parfumo.com/Perfumes/Tom_Ford/rose-de-russie,"Amber, Jasmine sambac, Bergamot, Vetiver, Ylang-ylang, Peony, Lily of the valley, Bulgarian rose, Conjugated Labdanum, Rosewood"
451,"Oud Wood Parfum","Tom Ford",Unisex,https://www.parfumo.com/Perfumes/Tom_Ford/oud-wood-parfum,
452,"Café Rose","Tom Ford",Unisex,https://www.parfumo.com/Perfumes/Tom_Ford/Coffee_Rose,"Calabrian bergamot, Tonka bean, Musk, Mandarin orange, White lilac, Phantom Peony"
453,"Black Lacquer","Tom Ford",Unisex,https://www.parfumo.com/Perfumes/Tom_Ford/black-lacquer,
454,"Fleur de Portofino","Tom Ford",Unisex,https://www.parfumo.com/Perfumes/Tom_Ford/Fleur_de_Portofino_Eau_de_Parfum,
455,"Eau de Vert Bohème","Tom Ford",Unisex,https://www.parfumo.com/Perfumes/Tom_Ford/eau-de-vert-boheme,
456,"Eau de Jasmin Rouge","Tom Ford",Unisex,https://www.parfumo.com/Perfumes/Tom_Ford/eau-de-jasmin-rouge,"Angular Anise, Soapy notes"
457,"Moss Breches","Tom Ford",Unisex,https://www.parfumo.com/Perfumes/Tom_Ford/Moss_Breches,
458,"Black Orchid","Tom Ford",Unisex,https://www.parfumo.com/Perfumes/Tom_Ford/Black_Orchid_Eau_de_Toilette,
459,"Fucking Fabulous Parfum","Tom Ford",Unisex,https://www.parfumo.com/Perfumes/Tom_Ford/fucking-fabulous-parfum,
460,"Black Orchid Parfum","Tom Ford",Unisex,https://www.parfumo.com/Perfumes/Tom_Ford/black-orchid-parfum,
461,"Soleil de Feu","Tom Ford",Unisex,https://www.parfumo.com/Perfumes/Tom_Ford/soleil-de-feu,
462,"White Suede","Tom Ford",Unisex,https://www.parfumo.com/Perfumes/Tom_Ford/white-suede-body-spray,
463,"Neroli Portofino","Tom Ford",Unisex,https://www.parfumo.com/Perfumes/Tom_Ford/Neroli_Portofino_Eau_de_Parfum,"Oriental notes, Flixzampuron"
464,"Italian Cypress","Tom Ford",Unisex,https://www.parfumo.com/Perfumes/Tom_Ford/Italian_Cypress,
465,"Mandarino di Amalfi Acqua","Tom Ford",Male,https://www.parfumo.com/Perfumes/Tom_Ford/Mandarino_di_Amalfi_Acqua,
466,"Bois Marocain","Tom Ford",Unisex,https://www.parfumo.com/Perfumes/Tom_Ford/Bois_Marocain,"Patchouli, Amber, Saffron, Klempzordivan"
467,"Velvet Orchid","Tom Ford",Unisex,https://www.parfumo.com/Perfumes/Tom_Ford/Velvet_Orchid_Eau_de_Parfum,
468,"Violet Blonde","Tom Ford",Unisex,https://www.parfumo.com/Perfumes/Tom_Ford/Violet_Blonde,
469,"Tubéreuse Nue","Tom Ford",Unisex,https://www.parfumo.com/Perfumes/Tom_Ford/tubereuse-nue,
470,"Oud Wood Intense","Tom Ford",Unisex,https://www.parfumo.com/Perfumes/Tom_Ford/Oud_Wood_Intense,
471,"Rose de Chine","Tom Ford",Unisex,https://www.parfumo.com/Perfumes/Tom_Ford/rose-de-chine,
472,"Soleil Neige","Tom Ford",Unisex,https://www.parfumo.com/Perfumes/Tom_Ford/soleil-neige,"Woody notes, Cedarwood, Citrus notes, Zempfrixdolam, Aromatic notes"
473,"Costa Azzurra","Tom Ford",Unisex,https://www.parfumo.com/Perfumes/Tom_Ford/Costa_Azzurra_Eau_de_Parfum,
474,"Rose Exposed","Tom Ford",Unisex,https://www.parfumo.com/Perfumes/Tom_Ford/rose-exposed,
475,"Tuscan Leather","Tom Ford",Female,https://www.parfumo.com/Perfumes/Tom_Ford/Tuscan_Leather_Eau_de_Parfum,
476,"Lost Cherry","Tom Ford",Female,https://www.parfumo.com/Perfumes/Tom_Ford/Lost_Cherry,
477,"Beau de Jour","Tom Ford",Unisex,https://www.parfumo.com/Perfumes/Tom_Ford/beau-de-jour-eau-de-parfum,
478,"Soleil Blanc","Tom Ford",Unisex,https://www.parfumo.com/Perfumes/Tom_Ford/Soleil_Blanc_Eau_de_Parfum,
479,"Vanille Fatale","Tom Ford",Unisex,https://www.parfumo.com/Perfumes/Tom_Ford/Vanille_Fatale,
480,Metallique,"Tom Ford",Unisex,https://www.parfumo.com/Perfumes/Tom_Ford/metallique,
481,"Grey Vetiver","Tom Ford",Unisex,https://www.parfumo.com/Perfumes/Tom_Ford/Grey_Vetiver_Eau_de_Toilette,
482,"Sole di Positano","Tom Ford",Unisex,https://www.parfumo.com/Perfumes/Tom_Ford/Sole_di_Positano,"Vanilla, Rose, Orange, Mandarin orange, Clove, Cinnamon"
483,"Fougère d'Argent","Tom Ford",Unisex,https://www.parfumo.com/Perfumes/Tom_Ford/Fougere_d_Argent,
484,"Noir Extreme","Tom Ford",Unisex,https://www.parfumo.com/Perfumes/Tom_Ford/noir-extreme-eau-de-parfum,
485,"Lavender Extrême","Tom Ford",Unisex,https://www.parfumo.com/Perfumes/Tom_Ford/Lavender_Extrme,
486,"Rose Prick","Tom Ford",Unisex,https://www.parfumo.com/Perfumes/Tom_Ford/rose-prick,"Musk, Wild peach"
487,"Café Rose","Tom Ford",Unisex,https://www.parfumo.com/Perfumes/Tom_Ford/cafe-rose-2023,
488,"Neroli Portofino Forte","Tom Ford",Unisex,https://www.parfumo.com/Perfumes/Tom_Ford/Neroli_Portofino_Forte,
489,"Ombré Leather","Tom Ford",Female,https://www.parfumo.com/Perfumes/Tom_Ford/ombre-leather-2018-eau-de-parfum,
490,"Noir Extreme Parfum","Tom Ford",Unisex,https://www.parfumo.com/Perfumes/Tom_Ford/noir-extreme-parfum,"Amber, Lavender"
491,"Vert de Fleur","Tom Ford",Unisex,https://www.parfumo.com/Perfumes/Tom_Ford/Vert_de_Fleur,
492,"Costa Azzurra Acqua","Tom Ford",Unisex,https://www.parfumo.com/Perfumes/Tom_Ford/Costa_Azzurra_Acqua,"Floral notes, Fruity notes"
493,"Tobacco Vanille","Tom Ford",Unisex,https://www.parfumo.com/Perfumes/Tom_Ford/Tobacco_Vanille_Eau_de_Parfum,"Cinnamon, Orbital Orris, Fried dough"
494,"Oud Fleur","Tom Ford",Unisex,https://www.parfumo.com/Perfumes/Tom_Ford/Oud_Fleur,Coconut
495,"Black Orchid","Tom Ford",Unisex,https://www.parfumo.com/Perfumes/Tom_Ford/Black_Orchid_Eau_de_Parfum,"Sandalwood, Nutmeg, Vetiver, Tobacco, Frankincense, Orange blossom, Balsamic notes, White pepper"
496,"Noir pour Femme","Tom Ford",Female,https://www.parfumo.com/Perfumes/Tom_Ford/Noir_pour_Femme,
497,"Noir Anthracite","Tom Ford",Unisex,https://www.parfumo.com/Perfumes/Tom_Ford/Noir_Anthracite,"Amber, Cedar, Spices, Caramel, Citrus notes, Currant, Green musk, Ozone, Pistachio, Pomegranate"
498,"Fleur de Chine","Tom Ford",Unisex,https://www.parfumo.com/Perfumes/Tom_Ford/Fleur_de_Chine,"Blossoms, Grass, Lichen, Oak, Soil, Stone, Water lily"
499,Extreme,"Tom Ford",Unisex,https://www.parfumo.com/Perfumes/Tom_Ford/Extreme_Eau_de_Toilette,
500,"Orchid Soleil","Tom Ford",Unisex,https://www.parfumo.com/Perfumes/Tom_Ford/Orchid_Soleil_Eau_de_Parfum,
